PMID,Title,Authors,Citation,First Author,Journal/Book,Publication Year,Create Date,PMCID,NIHMS ID,DOI
"36275201","Loss of Corneal Nerves and Corneal Haze in Patients with Fuchs' Endothelial Corneal Dystrophy with the Transcription Factor 4 Gene Trinucleotide Repeat Expansion","Gillings M, Mastro A, Zhang X, Kiser K, Gu J, Xing C, Robertson DM, Petroll WM, Mootha VV.","Ophthalmol Sci. 2022 Aug 27;3(1):100214. doi: 10.1016/j.xops.2022.100214. eCollection 2023 Mar.","Gillings M","Ophthalmol Sci","2022","2022/10/24","PMC9563205","","10.1016/j.xops.2022.100214"
"36622576","A Varying Coefficient Model to Jointly Test Genetic and Gene-Environment Interaction Effects","Zhou Z, Ku HC, Manning SE, Zhang M, Xing C.","Behav Genet. 2023 Jan 9. doi: 10.1007/s10519-022-10131-w. Online ahead of print.","Zhou Z","Behav Genet","2023","2023/01/09","","","10.1007/s10519-022-10131-w"
"36536779","The Use of Mebendazole in COVID-19 Patients: An Observational Retrospective Single Center Study","Galal MW, Ahmed M, Shao Y, Xing C, Ali W, Baly AE, Elfiky A, Amer K, Schoggins J, Sadek HA, Gobara ZN.","Adv Virol. 2022 Dec 10;2022:3014686. doi: 10.1155/2022/3014686. eCollection 2022.","Galal MW","Adv Virol","2022","2022/12/20","PMC9759380","","10.1155/2022/3014686"
"36282599","Autosomal recessive progeroid syndrome due to homozygosity for a TOMM7 variant","Garg A, Keng WT, Chen Z, Sathe AA, Xing C, Kailasam PD, Shao Y, Lesner NP, Llamas CB, Agarwal AK, Mishra P.","J Clin Invest. 2022 Dec 1;132(23):e156864. doi: 10.1172/JCI156864.","Garg A","J Clin Invest","2022","2022/10/25","PMC9711873","","10.1172/JCI156864"
"36028572","KDM6B cooperates with Tau and regulates synaptic plasticity and cognition via inducing VGLUT1/2","Wang Y, Khandelwal N, Liu S, Zhou M, Bao L, Wang JE, Kumar A, Xing C, Gibson JR, Wang Y.","Mol Psychiatry. 2022 Dec;27(12):5213-5226. doi: 10.1038/s41380-022-01750-0. Epub 2022 Aug 26.","Wang Y","Mol Psychiatry","2022","2022/08/26","","","10.1038/s41380-022-01750-0"
"36136514","Mesenchymal cell replacement corrects thymic hypoplasia in murine models of 22q11.2 deletion syndrome","Bhalla P, Du Q, Kumar A, Xing C, Moses A, Dozmorov I, Wysocki CA, Cleaver OB, Pirolli TJ, Markert ML, de la Morena MT, Baldini A, van Oers NS.","J Clin Invest. 2022 Nov 15;132(22):e160101. doi: 10.1172/JCI160101.","Bhalla P","J Clin Invest","2022","2022/09/22","PMC9663160","","10.1172/JCI160101"
"36182683","Recurrent urinary tract infection and estrogen shape the taxonomic ecology and function of the postmenopausal urogenital microbiome","Neugent ML, Kumar A, Hulyalkar NV, Lutz KC, Nguyen VH, Fuentes JL, Zhang C, Nguyen A, Sharon BM, Kuprasertkul A, Arute AP, Ebrahimzadeh T, Natesan N, Xing C, Shulaev V, Li Q, Zimmern PE, Palmer KL, De Nisco NJ.","Cell Rep Med. 2022 Oct 18;3(10):100753. doi: 10.1016/j.xcrm.2022.100753. Epub 2022 Sep 30.","Neugent ML","Cell Rep Med","2022","2022/10/01","PMC9588997","","10.1016/j.xcrm.2022.100753"
"36249792","Atovaquone for treatment of COVID-19: A prospective randomized, double-blind, placebo-controlled clinical trial","Jain MK, De Lemos JA, McGuire DK, Ayers C, Eitson JL, Sanchez CL, Kamel D, Meisner JA, Thomas EV, Hegde AA, Mocherla S, Strebe JK, Li X, Williams NS, Xing C, Ahmed MS, Wang P, Sadek HA, Schoggins JW.","Front Pharmacol. 2022 Sep 30;13:1020123. doi: 10.3389/fphar.2022.1020123. eCollection 2022.","Jain MK","Front Pharmacol","2022","2022/10/17","PMC9561237","","10.3389/fphar.2022.1020123"
"35857714","Face-sparing Congenital Generalized Lipodystrophy Type 1 Associated With Nonclassical Congenital Adrenal Hyperplasia","Costa S, Sampaio L, Berta Sousa A, Xing C, Agarwal AK, Garg A.","J Clin Endocrinol Metab. 2022 Aug 18;107(9):2433-2438. doi: 10.1210/clinem/dgac406.","Costa S","J Clin Endocrinol Metab","2022","2022/07/20","PMC9387702","","10.1210/clinem/dgac406"
"35959892","STAG2 promotes the myelination transcriptional program in oligodendrocytes","Cheng N, Li G, Kanchwala M, Evers BM, Xing C, Yu H.","Elife. 2022 Aug 12;11:e77848. doi: 10.7554/eLife.77848.","Cheng N","Elife","2022","2022/08/12","PMC9439679","","10.7554/eLife.77848"
"35915159","EGFR ligand shifts the role of EGFR from oncogene to tumour suppressor in EGFR-amplified glioblastoma by suppressing invasion through BIN3 upregulation","Guo G, Gong K, Beckley N, Zhang Y, Yang X, Chkheidze R, Hatanpaa KJ, Garzon-Muvdi T, Koduru P, Nayab A, Jenks J, Sathe AA, Liu Y, Xing C, Wu SY, Chiang CM, Mukherjee B, Burma S, Wohlfeld B, Patel T, Mickey B, Abdullah K, Youssef M, Pan E, Gerber DE, Tian S, Sarkaria JN, McBrayer SK, Zhao D, Habib AA.","Nat Cell Biol. 2022 Aug;24(8):1291-1305. doi: 10.1038/s41556-022-00962-4. Epub 2022 Aug 1.","Guo G","Nat Cell Biol","2022","2022/08/01","PMC9389625","NIHMS1824714","10.1038/s41556-022-00962-4"
"35616102","Multiplex Fragment Analysis for Flexible Detection of All SARS-CoV-2 Variants of Concern","Clark AE, Wang Z, Ostman E, Zheng H, Yao H, Cantarel B, Kanchwala M, Xing C, Chen L, Irwin P, Xu Y, Oliver D, Lee FM, Gagan JR, Filkins L, Muthukumar A, Park JY, Sarode R, SoRelle JA.","Clin Chem. 2022 Jul 27;68(8):1042-1052. doi: 10.1093/clinchem/hvac081.","Clark AE","Clin Chem","2022","2022/05/26","PMC9384161","","10.1093/clinchem/hvac081"
"35857506","ZMYND8 is a master regulator of 27-hydroxycholesterol that promotes tumorigenicity of breast cancer stem cells","Luo M, Bao L, Chen Y, Xue Y, Wang Y, Zhang B, Wang C, Corley CD, McDonald JG, Kumar A, Xing C, Fang Y, Nelson ER, Wang JE, Wang Y, Luo W.","Sci Adv. 2022 Jul 15;8(28):eabn5295. doi: 10.1126/sciadv.abn5295. Epub 2022 Jul 15.","Luo M","Sci Adv","2022","2022/07/20","PMC9286501","","10.1126/sciadv.abn5295"
"36069595","Sexual Dimorphism in the Extracellular and Pericellular Matrix of Articular Cartilage","Hernandez PA, Moreno M, Barati Z, Hutcherson C, Sathe AA, Xing C, Wright J, Welch T, Dhaher Y.","Cartilage. 2022 Jul-Sep;13(3):19476035221121792. doi: 10.1177/19476035221121792.","Hernandez PA","Cartilage","2022","2022/09/07","PMC9459468","","10.1177/19476035221121792"
"35648484","KDM6B promotes PARthanatos via suppression of O6-methylguanine DNA methyltransferase repair and sustained checkpoint response","Yang M, Wang C, Zhou M, Bao L, Wang Y, Kumar A, Xing C, Luo W, Wang Y.","Nucleic Acids Res. 2022 Jun 24;50(11):6313-6331. doi: 10.1093/nar/gkac471.","Yang M","Nucleic Acids Res","2022","2022/06/01","PMC9226499","","10.1093/nar/gkac471"
"35703180","FOXA2 suppresses endometrial carcinogenesis and epithelial-mesenchymal transition by regulating enhancer activity","Sahoo SS, Ramanand SG, Gao Y, Abbas A, Kumar A, Cuevas IC, Li HD, Aguilar M, Xing C, Mani RS, Castrillon DH.","J Clin Invest. 2022 Jun 15;132(12):e157574. doi: 10.1172/JCI157574.","Sahoo SS","J Clin Invest","2022","2022/06/15","PMC9197528","","10.1172/JCI157574"
"35659869","Genome editing in the unicellular holozoan Capsaspora owczarzaki suggests a premetazoan role for the Hippo pathway in multicellular morphogenesis","Phillips JE, Santos M, Konchwala M, Xing C, Pan D.","Elife. 2022 Jun 6;11:e77598. doi: 10.7554/eLife.77598.","Phillips JE","Elife","2022","2022/06/06","PMC9170242","","10.7554/eLife.77598"
"35447110","Cellular abundance of sodium phosphate cotransporter SLC20A1/PiT1 and phosphate uptake are controlled post-transcriptionally by ESCRT","Zechner C, Henne WM, Sathe AA, Xing C, Hernandez G, Sun S, Cheong MC.","J Biol Chem. 2022 Jun;298(6):101945. doi: 10.1016/j.jbc.2022.101945. Epub 2022 Apr 18.","Zechner C","J Biol Chem","2022","2022/04/21","PMC9123275","","10.1016/j.jbc.2022.101945"
"35129140","Extrarenal Anaplastic Wilms Tumor: A Case Report With Genomic Analysis and Tumor Models","Willis KR, Sathe AA, Xing C, Koduru P, Artunduaga M, Butler EB, Park JY, Kurmasheva RT, Houghton PJ, Chen KS, Rakheja D.","J Pediatr Hematol Oncol. 2022 May 1;44(4):147-154. doi: 10.1097/MPH.0000000000002413. Epub 2022 Feb 4.","Willis KR","J Pediatr Hematol Oncol","2022","2022/02/07","PMC9035038","NIHMS1769562","10.1097/MPH.0000000000002413"
"35264242","Global DNA methylation profiling reveals chromosomal instability in IDH-mutant astrocytomas","Liu Y, Sathe AA, Abdullah KG, McBrayer SK, Adams SH, Brenner AJ, Hatanpaa KJ, Viapiano MS, Xing C, Walker JM, Richardson TE.","Acta Neuropathol Commun. 2022 Mar 9;10(1):32. doi: 10.1186/s40478-022-01339-2.","Liu Y","Acta Neuropathol Commun","2022","2022/03/10","PMC8908645","","10.1186/s40478-022-01339-2"
"35177822","YAP/TAZ drives cell proliferation and tumour growth via a polyamine-eIF5A hypusination-LSD1 axis","Li H, Wu BK, Kanchwala M, Cai J, Wang L, Xing C, Zheng Y, Pan D.","Nat Cell Biol. 2022 Mar;24(3):373-383. doi: 10.1038/s41556-022-00848-5. Epub 2022 Feb 17.","Li H","Nat Cell Biol","2022","2022/02/18","PMC8930503","NIHMS1771507","10.1038/s41556-022-00848-5"
"35190550","Analysis of recent shared ancestry in a familial cohort identifies coding and noncoding autism spectrum disorder variants","Tuncay IO, Parmalee NL, Khalil R, Kaur K, Kumar A, Jimale M, Howe JL, Goodspeed K, Evans P, Alzghoul L, Xing C, Scherer SW, Chahrour MH.","NPJ Genom Med. 2022 Feb 21;7(1):13. doi: 10.1038/s41525-022-00284-2.","Tuncay IO","NPJ Genom Med","2022","2022/02/22","PMC8861044","","10.1038/s41525-022-00284-2"
"35172133","TP53 promotes lineage commitment of human embryonic stem cells through ciliogenesis and sonic hedgehog signaling","Sivakumar S, Qi S, Cheng N, Sathe AA, Kanchwala M, Kumar A, Evers BM, Xing C, Yu H.","Cell Rep. 2022 Feb 15;38(7):110395. doi: 10.1016/j.celrep.2022.110395.","Sivakumar S","Cell Rep","2022","2022/02/16","PMC8904926","NIHMS1781195","10.1016/j.celrep.2022.110395"
"35185928","CCR2(+) Macrophages Promote Orthodontic Tooth Movement and Alveolar Bone Remodeling","Xu H, Zhang S, Sathe AA, Jin Z, Guan J, Sun W, Xing C, Zhang H, Yan B.","Front Immunol. 2022 Feb 4;13:835986. doi: 10.3389/fimmu.2022.835986. eCollection 2022.","Xu H","Front Immunol","2022","2022/02/21","PMC8854866","","10.3389/fimmu.2022.835986"
"34864058","Interleukin-22 regulates B3GNT7 expression to induce fucosylation of glycoproteins in intestinal epithelial cells","Carroll DJ, Burns MWN, Mottram L, Propheter DC, Boucher A, Lessen GM, Kumar A, Malaker SA, Xing C, Hooper LV, Yrlid U, Kohler JJ.","J Biol Chem. 2022 Feb;298(2):101463. doi: 10.1016/j.jbc.2021.101463. Epub 2021 Dec 2.","Carroll DJ","J Biol Chem","2022","2021/12/05","PMC8808068","","10.1016/j.jbc.2021.101463"
"35007159","Bidirectional Changes in Myocardial (18)F-Fluorodeoxyglucose Uptake After Human Ventricular Unloading","Pana TA, Savla J, Kepinski I, Fairbourn A, Afzal A, Mammen P, Drazner M, Subramaniam RM, Xing C, Morton KA, Drakos SG, Zaha VG, Sadek HA.","Circulation. 2022 Jan 11;145(2):151-154. doi: 10.1161/CIRCULATIONAHA.121.056278. Epub 2022 Jan 10.","Pana TA","Circulation","2022","2022/01/10","","","10.1161/CIRCULATIONAHA.121.056278"
"35102341","PSD3 downregulation confers protection against fatty liver disease","Mancina RM, Sasidharan K, Lindblom A, Wei Y, Ciociola E, Jamialahmadi O, Pingitore P, Andréasson AC, Pellegrini G, Baselli G, Männistö V, Pihlajamäki J, Kärjä V, Grimaudo S, Marini I, Maggioni M, Becattini B, Tavaglione F, Dix C, Castaldo M, Klein S, Perelis M, Pattou F, Thuillier D, Raverdy V, Dongiovanni P, Fracanzani AL, Stickel F, Hampe J, Buch S, Luukkonen PK, Prati D, Yki-Järvinen H, Petta S, Xing C, Schafmayer C, Aigner E, Datz C, Lee RG, Valenti L, Lindén D, Romeo S.","Nat Metab. 2022 Jan;4(1):60-75. doi: 10.1038/s42255-021-00518-0. Epub 2022 Jan 31.","Mancina RM","Nat Metab","2022","2022/02/01","PMC8803605","","10.1038/s42255-021-00518-0"
"34862394","RIPK1 dephosphorylation and kinase activation by PPP1R3G/PP1γ promote apoptosis and necroptosis","Du J, Xiang Y, Liu H, Liu S, Kumar A, Xing C, Wang Z.","Nat Commun. 2021 Dec 3;12(1):7067. doi: 10.1038/s41467-021-27367-5.","Du J","Nat Commun","2021","2021/12/04","PMC8642546","","10.1038/s41467-021-27367-5"
"34988553","Chronic IL-1 Exposed AR(+) PCa Cell Lines Show Conserved Loss of IL-1 Sensitivity and Evolve Both Conserved and Unique Differential Gene Expression Profiles","Thomas-Jardin SE, Kanchwala MS, Dahl H, Liu V, Ahuja R, Soundharrajan R, Roos N, Diep S, Sandhu A, Xing C, Delk NA.","J Cell Signal. 2021 Dec;2(4):248-260.","Thomas-Jardin SE","J Cell Signal","2021","2022/01/06","PMC8725614","NIHMS1755243",""
"34730512","STING mediates immune responses in the closest living relatives of animals","Woznica A, Kumar A, Sturge CR, Xing C, King N, Pfeiffer JK.","Elife. 2021 Nov 3;10:e70436. doi: 10.7554/eLife.70436.","Woznica A","Elife","2021","2021/11/03","PMC8592570","","10.7554/eLife.70436"
"34271222","Missense variant in insulin receptor (Y1355H) segregates in family with fatty liver disease","Luo F, Xing C, Asrani SK, Li S, Liang G, Hobbs HH, Cohen JC.","Mol Metab. 2021 Nov;53:101299. doi: 10.1016/j.molmet.2021.101299. Epub 2021 Jul 13.","Luo F","Mol Metab","2021","2021/07/16","PMC8371211","","10.1016/j.molmet.2021.101299"
"34722266","Identification of a Putative Enhancer RNA for EGFR in Hyper-Accessible Regions in Esophageal Squamous Cell Carcinoma Cells by Analysis of Chromatin Accessibility Landscapes","Choi S, Sathe A, Mathé E, Xing C, Pan Z.","Front Oncol. 2021 Oct 15;11:724687. doi: 10.3389/fonc.2021.724687. eCollection 2021.","Choi S","Front Oncol","2021","2021/11/01","PMC8554337","","10.3389/fonc.2021.724687"
"34340953","Monogenic and polygenic causes of low and extremely low LDL-C levels in patients referred to specialty lipid clinics: Genetics of low LDL-C","Jakubowski B, Shao Y, McNeal C, Xing C, Ahmad Z.","J Clin Lipidol. 2021 Sep-Oct;15(5):658-664. doi: 10.1016/j.jacl.2021.07.003. Epub 2021 Jul 17.","Jakubowski B","J Clin Lipidol","2021","2021/08/03","","","10.1016/j.jacl.2021.07.003"
"34085356","Biallelic variants in RNU12 cause CDAGS syndrome","Xing C, Kanchwala M, Rios JJ, Hyatt T, Wang RC, Tran A, Dougherty I, Tovar-Garza A, Purnadi C, Kumar MG, Berk D, Shinawi M, Irvine AD, Toledo-Bahena M, Agim NG, Glass DA 2nd.","Hum Mutat. 2021 Aug;42(8):1042-1052. doi: 10.1002/humu.24239. Epub 2021 Jun 15.","Xing C","Hum Mutat","2021","2021/06/04","","","10.1002/humu.24239"
"33964435","Delayed diapedesis of CD8 T cells contributes to long-term pathology after ischemic stroke in male mice","Selvaraj UM, Ujas TA, Kong X, Kumar A, Plautz EJ, Zhang S, Xing C, Sudduth TL, Wilcock DM, Turchan-Cholewo J, Goldberg MP, Stowe AM.","Brain Behav Immun. 2021 Jul;95:502-513. doi: 10.1016/j.bbi.2021.05.001. Epub 2021 May 5.","Selvaraj UM","Brain Behav Immun","2021","2021/05/08","PMC8221572","NIHMS1702998","10.1016/j.bbi.2021.05.001"
"33855712","Metabolic impact of pathogenic variants in the mitochondrial glutamyl-tRNA synthetase EARS2","Ni M, Black LF, Pan C, Vu H, Pei J, Ko B, Cai L, Solmonson A, Yang C, Nugent KM, Grishin NV, Xing C, Roeder E, DeBerardinis RJ.","J Inherit Metab Dis. 2021 Jul;44(4):949-960. doi: 10.1002/jimd.12387. Epub 2021 Apr 27.","Ni M","J Inherit Metab Dis","2021","2021/04/15","PMC9219168","NIHMS1808778","10.1002/jimd.12387"
"33852874","A methionine-Mettl3-N(6)-methyladenosine axis promotes polycystic kidney disease","Ramalingam H, Kashyap S, Cobo-Stark P, Flaten A, Chang CM, Hajarnis S, Hein KZ, Lika J, Warner GM, Espindola-Netto JM, Kumar A, Kanchwala M, Xing C, Chini EN, Patel V.","Cell Metab. 2021 Jun 1;33(6):1234-1247.e7. doi: 10.1016/j.cmet.2021.03.024. Epub 2021 Apr 13.","Ramalingam H","Cell Metab","2021","2021/04/14","PMC8172529","NIHMS1688926","10.1016/j.cmet.2021.03.024"
"33949310","SAM homeostasis is regulated by CFI(m)-mediated splicing of MAT2A","Scarborough AM, Flaherty JN, Hunter OV, Liu K, Kumar A, Xing C, Tu BP, Conrad NK.","Elife. 2021 May 5;10:e64930. doi: 10.7554/eLife.64930.","Scarborough AM","Elife","2021","2021/05/05","PMC8139829","","10.7554/eLife.64930"
"33473208","A pathogenic UFSP2 variant in an autosomal recessive form of pediatric neurodevelopmental anomalies and epilepsy","Ni M, Afroze B, Xing C, Pan C, Shao Y, Cai L, Cantarel BL, Pei J, Grishin NV, Hewson S, Knight D, Mahida S, Michel D, Tarnopolsky M, Poduri A, Rotenberg A, Sondheimer N, DeBerardinis RJ.","Genet Med. 2021 May;23(5):900-908. doi: 10.1038/s41436-020-01071-z. Epub 2021 Jan 20.","Ni M","Genet Med","2021","2021/01/21","PMC8105169","HHMIMS1680085","10.1038/s41436-020-01071-z"
"33907372","A novel homozygous missense mutation p.P388S in TULP1 causes protein instability and retinitis pigmentosa","Woodard DR, Xing C, Ganne P, Liang H, Mahindrakar A, Sankurathri C, Hulleman JD, Mootha VV.","Mol Vis. 2021 Apr 2;27:179-190. eCollection 2021.","Woodard DR","Mol Vis","2021","2021/04/28","PMC8056470","",""
"33380467","LncIHAT Is Induced by Hypoxia-Inducible Factor 1 and Promotes Breast Cancer Progression","Chen L, Bao L, Niu Y, Wang JE, Kumar A, Xing C, Wang Y, Luo W.","Mol Cancer Res. 2021 Apr;19(4):678-687. doi: 10.1158/1541-7786.MCR-20-0383. Epub 2020 Dec 30.","Chen L","Mol Cancer Res","2021","2020/12/31","","","10.1158/1541-7786.MCR-20-0383"
"33755138","Molecular Signatures of Chromosomal Instability Correlate With Copy Number Variation Patterns and Patient Outcome in IDH-Mutant and IDH-Wildtype Astrocytomas","Richardson TE, Sathe AA, Xing C, Mirchia K, Viapiano MS, Snuderl M, Abdullah KG, Hatanpaa KJ, Walker JM.","J Neuropathol Exp Neurol. 2021 Mar 22;80(4):354-365. doi: 10.1093/jnen/nlab008.","Richardson TE","J Neuropathol Exp Neurol","2021","2021/03/23","","","10.1093/jnen/nlab008"
"33563785","Manipulation of IRE1-Dependent MAPK Signaling by a Vibrio Agonist-Antagonist Effector Pair","De Nisco NJ, Casey AK, Kanchwala M, Lafrance AE, Coskun FS, Kinch LN, Grishin NV, Xing C, Orth K.","mSystems. 2021 Feb 9;6(1):e00872-20. doi: 10.1128/mSystems.00872-20.","De Nisco NJ","mSystems","2021","2021/02/10","PMC7883537","","10.1128/mSystems.00872-20"
"33458605","Spermatogonial Gene Networks Selectively Couple to Glutathione and Pentose Phosphate Metabolism but Not Cysteine Biosynthesis","Prokai D, Pudasaini A, Kanchwala M, Moehlman AT, Waits AE, Chapman KM, Chaudhary J, Acevedo J, Keller P, Chao X, Carr BR, Hamra FK.","iScience. 2020 Dec 1;24(1):101880. doi: 10.1016/j.isci.2020.101880. eCollection 2021 Jan 22.","Prokai D","iScience","2020","2021/01/18","PMC7797946","","10.1016/j.isci.2020.101880"
"33413690","Human cutaneous neurofibroma matrisome revealed by single-cell RNA sequencing","Brosseau JP, Sathe AA, Wang Y, Nguyen T, Glass DA 2nd, Xing C, Le LQ.","Acta Neuropathol Commun. 2021 Jan 7;9(1):11. doi: 10.1186/s40478-020-01103-4.","Brosseau JP","Acta Neuropathol Commun","2021","2021/01/08","PMC7792184","","10.1186/s40478-020-01103-4"
"33326447","Chronic IL-1 exposure drives LNCaP cells to evolve androgen and AR independence","Dahl HC, Kanchwala M, Thomas-Jardin SE, Sandhu A, Kanumuri P, Nawas AF, Xing C, Lin C, Frigo DE, Delk NA.","PLoS One. 2020 Dec 16;15(12):e0242970. doi: 10.1371/journal.pone.0242970. eCollection 2020.","Dahl HC","PLoS One","2020","2020/12/16","PMC7743957","","10.1371/journal.pone.0242970"
"33078954","East Asian-Specific Common Variant in TNNI3 Predisposes to Hypertrophic Cardiomyopathy","Wu G, Liu L, Zhou Z, Liu J, Wang B, Ruan J, Yang Q, Kanchwala M, Dai P, Zhang C, Wang D, Kang L, Wang S, Hui R, Zou Y, Xing C, Song L, Wang J.","Circulation. 2020 Nov 24;142(21):2086-2089. doi: 10.1161/CIRCULATIONAHA.120.050384. Epub 2020 Oct 20.","Wu G","Circulation","2020","2020/10/20","","","10.1161/CIRCULATIONAHA.120.050384"
"33003980","Heterozygous Cystic Fibrosis Transmembrane Regulator Gene Missense Variants Are Associated With Worse Cardiac Function in Patients With Duchenne Muscular Dystrophy","Jiang X, Shao Y, Araj FG, Amin AA, Greenberg BM, Drazner MH, Xing C, Mammen PPA.","J Am Heart Assoc. 2020 Oct 20;9(19):e016799. doi: 10.1161/JAHA.120.016799. Epub 2020 Oct 2.","Jiang X","J Am Heart Assoc","2020","2020/10/02","PMC7792368","","10.1161/JAHA.120.016799"
"32954439","Overcoming the Odds: Toward a Molecular Profile of Long-Term Survival in Glioblastoma","Richardson TE, Kumar A, Xing C, Hatanpaa KJ, Walker JM.","J Neuropathol Exp Neurol. 2020 Oct 1;79(10):1031-1037. doi: 10.1093/jnen/nlaa102.","Richardson TE","J Neuropathol Exp Neurol","2020","2020/09/21","","","10.1093/jnen/nlaa102"
"32939435","Multisystem Progeroid Syndrome With Lipodystrophy, Cardiomyopathy, and Nephropathy Due to an LMNA p.R349W Variant","Hussain I, Jin RR, Baum HBA, Greenfield JR, Devery S, Xing C, Hegele RA, Carranza-Leon BG, Linton MF, Vuitch F, Wu KHC, Precioso DR, Oshima J, Agarwal AK, Garg A.","J Endocr Soc. 2020 Jul 27;4(10):bvaa104. doi: 10.1210/jendso/bvaa104. eCollection 2020 Oct 1.","Hussain I","J Endocr Soc","2020","2020/09/17","PMC7485795","","10.1210/jendso/bvaa104"
"32699137","CHD4 Promotes Breast Cancer Progression as a Coactivator of Hypoxia-Inducible Factors","Wang Y, Chen Y, Bao L, Zhang B, Wang JE, Kumar A, Xing C, Wang Y, Luo W.","Cancer Res. 2020 Sep 15;80(18):3880-3891. doi: 10.1158/0008-5472.CAN-20-1049. Epub 2020 Jul 22.","Wang Y","Cancer Res","2020","2020/07/24","PMC7501193","NIHMS1613875","10.1158/0008-5472.CAN-20-1049"
"32145756","Total copy number variation, somatic mutation burden, and histologic grade correlate with clinical outcome in oligodendroglioma","Richardson TE, Williams M, Galbraith K, Mirchia K, Kumar A, Xing C, Walker JM.","Clin Neuropathol. 2020 Sep/Oct;39(5):238-242. doi: 10.5414/NP301260.","Richardson TE","Clin Neuropathol","2020","2020/03/09","","","10.5414/NP301260"
"32796104","Heterogeneous origins and functions of mouse skeletal muscle-resident macrophages","Wang X, Sathe AA, Smith GR, Ruf-Zamojski F, Nair V, Lavine KJ, Xing C, Sealfon SC, Zhou L.","Proc Natl Acad Sci U S A. 2020 Aug 25;117(34):20729-20740. doi: 10.1073/pnas.1915950117. Epub 2020 Aug 13.","Wang X","Proc Natl Acad Sci U S A","2020","2020/08/16","PMC7456122","","10.1073/pnas.1915950117"
"32343676","The landscape of RNA polymerase II-associated chromatin interactions in prostate cancer","Ramanand SG, Chen Y, Yuan J, Daescu K, Lambros MB, Houlahan KE, Carreira S, Yuan W, Baek G, Sharp A, Paschalis A, Kanchwala M, Gao Y, Aslam A, Safdar N, Zhan X, Raj GV, Xing C, Boutros PC, de Bono J, Zhang MQ, Mani RS.","J Clin Invest. 2020 Aug 3;130(8):3987-4005. doi: 10.1172/JCI134260.","Ramanand SG","J Clin Invest","2020","2020/04/29","PMC7410051","","10.1172/JCI134260"
"32803092","A Novel Syndrome With Short Stature, Mandibular Hypoplasia, and Osteoporosis May Be Associated With a PRRT3 Variant","Garg A, El-Shanti H, Xing C, Zhou Z, Abujbara M, Al-Rashed K, El-Khateeb M, Ajlouni K, Agarwal AK.","J Endocr Soc. 2020 Jul 8;4(8):bvaa088. doi: 10.1210/jendso/bvaa088. eCollection 2020 Aug 1.","Garg A","J Endocr Soc","2020","2020/08/18","PMC7417871","","10.1210/jendso/bvaa088"
"32647886","Molecular Correlates of Long Survival in IDH-Wildtype Glioblastoma Cohorts","Galbraith K, Kumar A, Abdullah KG, Walker JM, Adams SH, Prior T, Dimentberg R, Henderson FC, Mirchia K, Sathe AA, Viapiano MS, Chin LS, Corona RJ, Hatanpaa KJ, Snuderl M, Xing C, Brem S, Richardson TE.","J Neuropathol Exp Neurol. 2020 Aug 1;79(8):843-854. doi: 10.1093/jnen/nlaa059.","Galbraith K","J Neuropathol Exp Neurol","2020","2020/07/11","","","10.1093/jnen/nlaa059"
"32463444","Analyzing pre-symptomatic tissue to gain insights into the molecular and mechanistic origins of late-onset degenerative trinucleotide repeat disease","Chu Y, Hu J, Liang H, Kanchwala M, Xing C, Beebe W, Bowman CB, Gong X, Corey DR, Mootha VV.","Nucleic Acids Res. 2020 Jul 9;48(12):6740-6758. doi: 10.1093/nar/gkaa422.","Chu Y","Nucleic Acids Res","2020","2020/05/29","PMC7337964","","10.1093/nar/gkaa422"
"32576825","Using arterial-venous analysis to characterize cancer metabolic consumption in patients","Xiong N, Gao X, Zhao H, Cai F, Zhang FC, Yuan Y, Liu W, He F, Zacharias LG, Lin H, Vu HS, Xing C, Yao DX, Chen F, Luo B, Sun W, DeBerardinis RJ, Xu H, Ge WP.","Nat Commun. 2020 Jun 23;11(1):3169. doi: 10.1038/s41467-020-16810-8.","Xiong N","Nat Commun","2020","2020/06/25","PMC7311411","","10.1038/s41467-020-16810-8"
"32457148","Forward genetic analysis using OCT screening identifies Sfxn3 mutations leading to progressive outer retinal degeneration in mice","Chen B, Aredo B, Ding Y, Zhong X, Zhu Y, Zhao CX, Kumar A, Xing C, Gautron L, Lyon S, Russell J, Li X, Tang M, Anderton P, Ludwig S, Moresco EMY, Beutler B, Ufret-Vincenty RL.","Proc Natl Acad Sci U S A. 2020 Jun 9;117(23):12931-12942. doi: 10.1073/pnas.1921224117. Epub 2020 May 26.","Chen B","Proc Natl Acad Sci U S A","2020","2020/05/28","PMC7293615","","10.1073/pnas.1921224117"
"32499640","A calcineurin-Hoxb13 axis regulates growth mode of mammalian cardiomyocytes","Nguyen NUN, Canseco DC, Xiao F, Nakada Y, Li S, Lam NT, Muralidhar SA, Savla JJ, Hill JA, Le V, Zidan KA, El-Feky HW, Wang Z, Ahmed MS, Hubbi ME, Menendez-Montes I, Moon J, Ali SR, Le V, Villalobos E, Mohamed MS, Elhelaly WM, Thet S, Anene-Nzelu CG, Tan WLW, Foo RS, Meng X, Kanchwala M, Xing C, Roy J, Cyert MS, Rothermel BA, Sadek HA.","Nature. 2020 Jun;582(7811):271-276. doi: 10.1038/s41586-020-2228-6. Epub 2020 Apr 22.","Nguyen NUN","Nature","2020","2020/06/06","PMC7670845","NIHMS1566238","10.1038/s41586-020-2228-6"
"31857427","A novel autosomal recessive lipodystrophy syndrome due to homozygous LMNA variant","Patni N, Hatab S, Xing C, Zhou Z, Quittner C, Garg A.","J Med Genet. 2020 Jun;57(6):422-426. doi: 10.1136/jmedgenet-2019-106395. Epub 2019 Dec 19.","Patni N","J Med Genet","2020","2019/12/21","PMC8376205","NIHMS1723861","10.1136/jmedgenet-2019-106395"
"32984844","eIF5B drives integrated stress response-dependent translation of PD-L1 in lung cancer","Suresh S, Chen B, Zhu J, Golden RJ, Lu C, Evers BM, Novaresi N, Smith B, Zhan X, Schmid V, Jun S, Karacz CM, Peyton M, Zhong L, Wen Z, Sathe AA, Xing C, Behrens C, Wistuba II, Xiao G, Xie Y, Fu YX, Minna JD, Mendell JT, O'Donnell KA.","Nat Cancer. 2020 May;1(5):533-545. doi: 10.1038/s43018-020-0056-0. Epub 2020 Apr 20.","Suresh S","Nat Cancer","2020","2020/09/28","PMC7511089","NIHMS1617470","10.1038/s43018-020-0056-0"
"32291304","EspFu-Mediated Actin Assembly Enhances Enteropathogenic Escherichia coli Adherence and Activates Host Cell Inflammatory Signaling Pathways","Martins FH, Kumar A, Abe CM, Carvalho E, Nishiyama-Jr M, Xing C, Sperandio V, Elias WP.","mBio. 2020 Apr 14;11(2):e00617-20. doi: 10.1128/mBio.00617-20.","Martins FH","mBio","2020","2020/04/16","PMC7157822","","10.1128/mBio.00617-20"
"32240278","Chemical intervention of influenza virus mRNA nuclear export","Esparza M, Mor A, Niederstrasser H, White K, White A, Zhang K, Gao S, Wang J, Liang J, Sho S, Sakthivel R, Sathe AA, Xing C, Muñoz-Moreno R, Shay JW, García-Sastre A, Ready J, Posner B, Fontoura BMA.","PLoS Pathog. 2020 Apr 2;16(4):e1008407. doi: 10.1371/journal.ppat.1008407. eCollection 2020 Apr.","Esparza M","PLoS Pathog","2020","2020/04/03","PMC7117665","","10.1371/journal.ppat.1008407"
"33269343","EGFR inhibition triggers an adaptive response by co-opting antiviral signaling pathways in lung cancer","Gong K, Guo G, Panchani N, Bender ME, Gerber DE, Minna JD, Fattah F, Gao B, Peyton M, Kernstine K, Mukherjee B, Burma S, Chiang CM, Zhang S, Amod Sathe A, Xing C, Dao KH, Zhao D, Akbay EA, Habib AA.","Nat Cancer. 2020 Apr;1(4):394-409. doi: 10.1038/s43018-020-0048-0. Epub 2020 Apr 6.","Gong K","Nat Cancer","2020","2020/12/03","PMC7706867","NIHMS1637068","10.1038/s43018-020-0048-0"
"32123087","SOX4-mediated repression of specific tRNAs inhibits proliferation of human glioblastoma cells","Yang J, Smith DK, Ni H, Wu K, Huang D, Pan S, Sathe AA, Tang Y, Liu ML, Xing C, Zhang CL, Zhuge Q.","Proc Natl Acad Sci U S A. 2020 Mar 17;117(11):5782-5790. doi: 10.1073/pnas.1920200117. Epub 2020 Mar 2.","Yang J","Proc Natl Acad Sci U S A","2020","2020/03/04","PMC7084149","","10.1073/pnas.1920200117"
"32046444","Controlled Ovarian Stimulation Protocols Alter Endometrial Histomorphology and Gene Expression Profiles","Wu JL, Keller P, Kanchwala M, Xing C, Babayev SN, Carr BR, Bukulmez O, Word RA.","Reprod Sci. 2020 Mar;27(3):895-904. doi: 10.1007/s43032-019-00093-6. Epub 2020 Jan 6.","Wu JL","Reprod Sci","2020","2020/02/13","PMC7539809","","10.1007/s43032-019-00093-6"
"31900259","HIF2-Induced Long Noncoding RNA RAB11B-AS1 Promotes Hypoxia-Mediated Angiogenesis and Breast Cancer Metastasis","Niu Y, Bao L, Chen Y, Wang C, Luo M, Zhang B, Zhou M, Wang JE, Fang YV, Kumar A, Xing C, Wang Y, Luo W.","Cancer Res. 2020 Mar 1;80(5):964-975. doi: 10.1158/0008-5472.CAN-19-1532. Epub 2020 Jan 3.","Niu Y","Cancer Res","2020","2020/01/05","PMC7056556","NIHMS1548523","10.1158/0008-5472.CAN-19-1532"
"32085749","Prune belly syndrome in surviving males can be caused by Hemizygous missense mutations in the X-linked Filamin A gene","Iqbal NS, Jascur TA, Harrison SM, Edwards AB, Smith LT, Choi ES, Arevalo MK, Chen C, Zhang S, Kern AJ, Scheuerle AE, Sanchez EJ, Xing C, Baker LA.","BMC Med Genet. 2020 Feb 21;21(1):38. doi: 10.1186/s12881-020-0973-x.","Iqbal NS","BMC Med Genet","2020","2020/02/23","PMC7035669","","10.1186/s12881-020-0973-x"
"32617517","Mitochondrial Substrate Utilization Regulates Cardiomyocyte Cell Cycle Progression","Cardoso AC, Lam NT, Savla JJ, Nakada Y, Pereira AHM, Elnwasany A, Menendez-Montes I, Ensley EL, Petric UB, Sharma G, Sherry AD, Malloy CR, Khemtong C, Kinter MT, Tan WLW, Anene-Nzelu CG, Foo RS, Nguyen NUN, Li S, Ahmed MS, Elhelaly WM, Abdisalaam S, Asaithamby A, Xing C, Kanchwala M, Vale G, Eckert KM, Mitsche MA, McDonald JG, Hill JA, Huang L, Shaul PW, Szweda LI, Sadek HA.","Nat Metab. 2020 Feb;2(2):167-178. Epub 2020 Feb 20.","Cardoso AC","Nat Metab","2020","2020/07/04","PMC7331943","NIHMS1548532",""
"31730277","RELA is sufficient to mediate interleukin-1 repression of androgen receptor expression and activity in an LNCaP disease progression model","Thomas-Jardin SE, Dahl H, Kanchwala MS, Ha F, Jacob J, Soundharrajan R, Bautista M, Nawas AF, Robichaux D, Mistry R, Anunobi V, Xing C, Delk NA.","Prostate. 2020 Feb;80(2):133-145. doi: 10.1002/pros.23925. Epub 2019 Nov 15.","Thomas-Jardin SE","Prostate","2020","2019/11/16","PMC7000272","NIHMS1061490","10.1002/pros.23925"
"31959131","IL-1-conferred gene expression pattern in ERα(+) BCa and AR(+) PCa cells is intrinsic to ERα(-) BCa and AR(-) PCa cells and promotes cell survival","Nawas AF, Kanchwala M, Thomas-Jardin SE, Dahl H, Daescu K, Bautista M, Anunobi V, Wong A, Meade R, Mistry R, Ghatwai N, Bayerl F, Xing C, Delk NA.","BMC Cancer. 2020 Jan 20;20(1):46. doi: 10.1186/s12885-020-6529-9.","Nawas AF","BMC Cancer","2020","2020/01/22","PMC6971947","","10.1186/s12885-020-6529-9"
"32609854","Clinical Exome Studies Have Inconsistent Coverage","Gotway G, Crossley E, Kozlitina J, Xing C, Fan J, Hornbuckle C, Thies J, Michel D, Quinn C, Scheuerle AE, Umana LA, Uhles CL, Park JY.","Clin Chem. 2020 Jan 1;66(1):199-206. doi: 10.1093/clinchem.2019.306795.","Gotway G","Clin Chem","2020","2020/07/02","","","10.1093/clinchem.2019.306795"
"31395945","A novel ZRS variant causes preaxial polydactyly type I by increased sonic hedgehog expression in the developing limb bud","Xu C, Yang X, Zhou H, Li Y, Xing C, Zhou T, Zhong D, Lian C, Yan M, Chen T, Liao Z, Gao B, Su D, Wang T, Sharma S, Mohan C, Ahituv N, Malik S, Li QZ, Su P.","Genet Med. 2020 Jan;22(1):189-198. doi: 10.1038/s41436-019-0626-7. Epub 2019 Aug 9.","Xu C","Genet Med","2020","2019/08/10","PMC6944640","","10.1038/s41436-019-0626-7"
"31772025","Fbxw7 is a driver of uterine carcinosarcoma by promoting epithelial-mesenchymal transition","Cuevas IC, Sahoo SS, Kumar A, Zhang H, Westcott J, Aguilar M, Cortez JD, Sullivan SA, Xing C, Hayes DN, Brekken RA, Bae-Jump VL, Castrillon DH.","Proc Natl Acad Sci U S A. 2019 Dec 17;116(51):25880-25890. doi: 10.1073/pnas.1911310116. Epub 2019 Nov 26.","Cuevas IC","Proc Natl Acad Sci U S A","2019","2019/11/28","PMC6926017","","10.1073/pnas.1911310116"
"31503545","Dermal adipose tissue has high plasticity and undergoes reversible dedifferentiation in mice","Zhang Z, Shao M, Hepler C, Zi Z, Zhao S, An YA, Zhu Y, Ghaben AL, Wang MY, Li N, Onodera T, Joffin N, Crewe C, Zhu Q, Vishvanath L, Kumar A, Xing C, Wang QA, Gautron L, Deng Y, Gordillo R, Kruglikov I, Kusminski CM, Gupta RK, Scherer PE.","J Clin Invest. 2019 Dec 2;129(12):5327-5342. doi: 10.1172/JCI130239.","Zhang Z","J Clin Invest","2019","2019/09/11","PMC6877341","","10.1172/JCI130239"
"31609088","Targeting TGFβR2-mutant tumors exposes vulnerabilities to stromal TGFβ blockade in pancreatic cancer","Huang H, Zhang Y, Gallegos V, Sorrelle N, Zaid MM, Toombs J, Du W, Wright S, Hagopian M, Wang Z, Hosein AN, Sathe AA, Xing C, Koay EJ, Driscoll KE, Brekken RA.","EMBO Mol Med. 2019 Nov 7;11(11):e10515. doi: 10.15252/emmm.201910515. Epub 2019 Oct 14.","Huang H","EMBO Mol Med","2019","2019/10/15","PMC6835203","","10.15252/emmm.201910515"
"31161682","Y chromosome gene copy number and lack of autism phenotype in a male with an isodicentric Y chromosome and absent NLGN4Y expression","Ross JL, Bloy L, Roberts TPL, Miller J, Xing C, Silverman LA, Zinn AR.","Am J Med Genet B Neuropsychiatr Genet. 2019 Oct;180(7):471-482. doi: 10.1002/ajmg.b.32745. Epub 2019 Jun 3.","Ross JL","Am J Med Genet B Neuropsychiatr Genet","2019","2019/06/05","PMC6730649","NIHMS1047359","10.1002/ajmg.b.32745"
"31177992","Total copy number variation as a prognostic factor in adult astrocytoma subtypes","Mirchia K, Sathe AA, Walker JM, Fudym Y, Galbraith K, Viapiano MS, Corona RJ, Snuderl M, Xing C, Hatanpaa KJ, Richardson TE.","Acta Neuropathol Commun. 2019 Jun 10;7(1):92. doi: 10.1186/s40478-019-0746-y.","Mirchia K","Acta Neuropathol Commun","2019","2019/06/11","PMC6556960","","10.1186/s40478-019-0746-y"
"31034050","Genome-Wide Analysis of Glioblastoma Patients with Unexpectedly Long Survival","Richardson TE, Patel S, Serrano J, Sathe AA, Daoud EV, Oliver D, Maher EA, Madrigales A, Mickey BE, Taxter T, Jour G, White CL, Raisanen JM, Xing C, Snuderl M, Hatanpaa KJ.","J Neuropathol Exp Neurol. 2019 Jun 1;78(6):501-507. doi: 10.1093/jnen/nlz025.","Richardson TE","J Neuropathol Exp Neurol","2019","2019/04/30","","","10.1093/jnen/nlz025"
"31116981","Hand2 Selectively Reorganizes Chromatin Accessibility to Induce Pacemaker-like Transcriptional Reprogramming","Fernandez-Perez A, Sathe AA, Bhakta M, Leggett K, Xing C, Munshi NV.","Cell Rep. 2019 May 21;27(8):2354-2369.e7. doi: 10.1016/j.celrep.2019.04.077.","Fernandez-Perez A","Cell Rep","2019","2019/05/23","PMC6657359","NIHMS1530021","10.1016/j.celrep.2019.04.077"
"30939177","PAN-INTACT enables direct isolation of lineage-specific nuclei from fibrous tissues","Bhattacharyya S, Sathe AA, Bhakta M, Xing C, Munshi NV.","PLoS One. 2019 Apr 2;14(4):e0214677. doi: 10.1371/journal.pone.0214677. eCollection 2019.","Bhattacharyya S","PLoS One","2019","2019/04/03","PMC6445515","","10.1371/journal.pone.0214677"
"30894749","A NIK-SIX signalling axis controls inflammation by targeted silencing of non-canonical NF-κB","Liu Z, Mar KB, Hanners NW, Perelman SS, Kanchwala M, Xing C, Schoggins JW, Alto NM.","Nature. 2019 Apr;568(7751):249-253. doi: 10.1038/s41586-019-1041-6. Epub 2019 Mar 20.","Liu Z","Nature","2019","2019/03/22","PMC6812682","NIHMS1522095","10.1038/s41586-019-1041-6"
"30525901","Homozygous Rare PARN Missense Mutation in Familial Pulmonary Fibrosis","Zhang D, Zhou Z, Abu-Hijleh M, Batra K, Xing C, Garcia CK.","Am J Respir Crit Care Med. 2019 Mar 15;199(6):797-799. doi: 10.1164/rccm.201809-1632LE.","Zhang D","Am J Respir Crit Care Med","2019","2018/12/12","PMC6423103","","10.1164/rccm.201809-1632LE"
"30842500","Rare Pathogenic Variants Predispose to Hepatocellular Carcinoma in Nonalcoholic Fatty Liver Disease","Pelusi S, Baselli G, Pietrelli A, Dongiovanni P, Donati B, McCain MV, Meroni M, Fracanzani AL, Romagnoli R, Petta S, Grieco A, Miele L, Soardo G, Bugianesi E, Fargion S, Aghemo A, D'Ambrosio R, Xing C, Romeo S, De Francesco R, Reeves HL, Valenti LVC.","Sci Rep. 2019 Mar 6;9(1):3682. doi: 10.1038/s41598-019-39998-2.","Pelusi S","Sci Rep","2019","2019/03/08","PMC6403344","","10.1038/s41598-019-39998-2"
"30388226","The Lec5 glycosylation mutant links homeobox genes with cholesterol and lipid-linked oligosaccharides","Lu H, Sathe AA, Xing C, Lehrman MA.","Glycobiology. 2019 Feb 1;29(2):106-109. doi: 10.1093/glycob/cwy103.","Lu H","Glycobiology","2019","2018/11/03","PMC6330018","","10.1093/glycob/cwy103"
"29658436","Thrombin Alters Human Endometrial Stromal Cell Differentiation During Decidualization","Babayev SN, Kanchwala M, Xing C, Akgul Y, Carr BR, Word RA.","Reprod Sci. 2019 Feb;26(2):278-288. doi: 10.1177/1933719118768705. Epub 2018 Apr 15.","Babayev SN","Reprod Sci","2019","2018/04/17","PMC6728565","","10.1177/1933719118768705"
"30414627","Bi-allelic POLR3A Loss-of-Function Variants Cause Autosomal-Recessive Wiedemann-Rautenstrauch Syndrome","Wambach JA, Wegner DJ, Patni N, Kircher M, Willing MC, Baldridge D, Xing C, Agarwal AK, Vergano SAS, Patel C, Grange DK, Kenney A, Najaf T, Nickerson DA, Bamshad MJ, Cole FS, Garg A.","Am J Hum Genet. 2018 Dec 6;103(6):968-975. doi: 10.1016/j.ajhg.2018.10.010. Epub 2018 Nov 7.","Wambach JA","Am J Hum Genet","2018","2018/11/12","PMC6288318","","10.1016/j.ajhg.2018.10.010"
"30224801","A CRISPR screen identifies IFI6 as an ER-resident interferon effector that blocks flavivirus replication","Richardson RB, Ohlson MB, Eitson JL, Kumar A, McDougal MB, Boys IN, Mar KB, De La Cruz-Rivera PC, Douglas C, Konopka G, Xing C, Schoggins JW.","Nat Microbiol. 2018 Nov;3(11):1214-1223. doi: 10.1038/s41564-018-0244-1. Epub 2018 Sep 17.","Richardson RB","Nat Microbiol","2018","2018/09/19","PMC6202210","NIHMS1503653","10.1038/s41564-018-0244-1"
"29851025","Decomposing Pearson's χ(2) test: A linear regression and its departure from linearity","Zhou Z, Ku HC, Xing G, Xing C.","Ann Hum Genet. 2018 Sep;82(5):318-324. doi: 10.1111/ahg.12257. Epub 2018 May 31.","Zhou Z","Ann Hum Genet","2018","2018/06/01","PMC6105398","NIHMS963455","10.1111/ahg.12257"
"30098193","Instability of TCF4 Triplet Repeat Expansion With Parent-Child Transmission in Fuchs' Endothelial Corneal Dystrophy","Saade JS, Xing C, Gong X, Zhou Z, Mootha VV.","Invest Ophthalmol Vis Sci. 2018 Aug 1;59(10):4065-4070. doi: 10.1167/iovs.18-24119.","Saade JS","Invest Ophthalmol Vis Sci","2018","2018/08/12","PMC6088802","","10.1167/iovs.18-24119"
"29741737","Genetic and Epigenetic Features of Rapidly Progressing IDH-Mutant Astrocytomas","Richardson TE, Sathe AA, Kanchwala M, Jia G, Habib AA, Xiao G, Snuderl M, Xing C, Hatanpaa KJ.","J Neuropathol Exp Neurol. 2018 Jul 1;77(7):542-548. doi: 10.1093/jnen/nly026.","Richardson TE","J Neuropathol Exp Neurol","2018","2018/05/10","PMC6005148","","10.1093/jnen/nly026"
"29716997","Long noncoding RNA Hoxb3os is dysregulated in autosomal dominant polycystic kidney disease and regulates mTOR signaling","Aboudehen K, Farahani S, Kanchwala M, Chan SC, Avdulov S, Mickelson A, Lee D, Gearhart MD, Patel V, Xing C, Igarashi P.","J Biol Chem. 2018 Jun 15;293(24):9388-9398. doi: 10.1074/jbc.RA118.001723. Epub 2018 May 1.","Aboudehen K","J Biol Chem","2018","2018/05/03","PMC6005429","","10.1074/jbc.RA118.001723"
"29527701","Identification of an IL-1-induced gene expression pattern in AR(+) PCa cells that mimics the molecular phenotype of AR(-) PCa cells","Thomas-Jardin SE, Kanchwala MS, Jacob J, Merchant S, Meade RK, Gahnim NM, Nawas AF, Xing C, Delk NA.","Prostate. 2018 Jun;78(8):595-606. doi: 10.1002/pros.23504. Epub 2018 Mar 11.","Thomas-Jardin SE","Prostate","2018","2018/03/13","PMC5893432","NIHMS947997","10.1002/pros.23504"
"29629903","ZMYND8 acetylation mediates HIF-dependent breast cancer progression and metastasis","Chen Y, Zhang B, Bao L, Jin L, Yang M, Peng Y, Kumar A, Wang JE, Wang C, Zou X, Xing C, Wang Y, Luo W.","J Clin Invest. 2018 May 1;128(5):1937-1955. doi: 10.1172/JCI95089. Epub 2018 Apr 9.","Chen Y","J Clin Invest","2018","2018/04/10","PMC5919820","","10.1172/JCI95089"
"29611806","MCM2-7-dependent cohesin loading during S phase promotes sister-chromatid cohesion","Zheng G, Kanchwala M, Xing C, Yu H.","Elife. 2018 Apr 3;7:e33920. doi: 10.7554/eLife.33920.","Zheng G","Elife","2018","2018/04/04","PMC5897099","","10.7554/eLife.33920"
"29325021","Oligonucleotides targeting TCF4 triplet repeat expansion inhibit RNA foci and mis-splicing in Fuchs' dystrophy","Hu J, Rong Z, Gong X, Zhou Z, Sharma VK, Xing C, Watts JK, Corey DR, Mootha VV.","Hum Mol Genet. 2018 Mar 15;27(6):1015-1026. doi: 10.1093/hmg/ddy018.","Hu J","Hum Mol Genet","2018","2018/01/12","PMC5886168","","10.1093/hmg/ddy018"
"29346775","BRD4 Promotes DNA Repair and Mediates the Formation of TMPRSS2-ERG Gene Rearrangements in Prostate Cancer","Li X, Baek G, Ramanand SG, Sharp A, Gao Y, Yuan W, Welti J, Rodrigues DN, Dolling D, Figueiredo I, Sumanasuriya S, Crespo M, Aslam A, Li R, Yin Y, Mukherjee B, Kanchwala M, Hughes AM, Halsey WS, Chiang CM, Xing C, Raj GV, Burma S, de Bono J, Mani RS.","Cell Rep. 2018 Jan 16;22(3):796-808. doi: 10.1016/j.celrep.2017.12.078.","Li X","Cell Rep","2018","2018/01/19","PMC5843368","NIHMS937394","10.1016/j.celrep.2017.12.078"
"29180486","The IFN Response in Bats Displays Distinctive IFN-Stimulated Gene Expression Kinetics with Atypical RNASEL Induction","De La Cruz-Rivera PC, Kanchwala M, Liang H, Kumar A, Wang LF, Xing C, Schoggins JW.","J Immunol. 2018 Jan 1;200(1):209-217. doi: 10.4049/jimmunol.1701214. Epub 2017 Nov 27.","De La Cruz-Rivera PC","J Immunol","2018","2017/11/29","PMC5736455","NIHMS916480","10.4049/jimmunol.1701214"
"29205656","Another Look at Hereditary Partial Androgen Insensitivity Syndrome in an Indigenous Community in the Northern Territory of Australia","Zahid A, Xing C, Panach K, McPhaul MJ, Wilson JD, Warne GL.","J Paediatr Child Health. 2017 Dec;53(12):1246-1247. doi: 10.1111/jpc.13731.","Zahid A","J Paediatr Child Health","2017","2017/12/06","","","10.1111/jpc.13731"
"28877911","Hepatic GALE Regulates Whole-Body Glucose Homeostasis by Modulating Tff3 Expression","Zhu Y, Zhao S, Deng Y, Gordillo R, Ghaben AL, Shao M, Zhang F, Xu P, Li Y, Cao H, Zagnitko O, Scott DA, Gupta RK, Xing C, Zhang BB, Lin HV, Scherer PE.","Diabetes. 2017 Nov;66(11):2789-2799. doi: 10.2337/db17-0323. Epub 2017 Sep 6.","Zhu Y","Diabetes","2017","2017/09/08","PMC5652600","","10.2337/db17-0323"
"28714182","Rare coding variants in MAPK7 predispose to adolescent idiopathic scoliosis","Gao W, Chen C, Zhou T, Yang S, Gao B, Zhou H, Lian C, Wu Z, Qiu X, Yang X, Alattar E, Liu W, Su D, Sun S, Chen Y, Cheung KMC, Song Y, Luk KKD, Chan D, Sham PC, Xing C, Khor CC, Liu G, Yang J, Deng Y, Hao D, Huang D, Li QZ, Xu C, Su P.","Hum Mutat. 2017 Nov;38(11):1500-1510. doi: 10.1002/humu.23296. Epub 2017 Jul 25.","Gao W","Hum Mutat","2017","2017/07/18","","","10.1002/humu.23296"
"28922848","Aggressive Behavior in Silent Subtype III Pituitary Adenomas May Depend on Suppression of Local Immune Response: A Whole Transcriptome Analysis","Richardson TE, Shen ZJ, Kanchwala M, Xing C, Filatenkov A, Shang P, Barnett S, Abedin Z, Malter JS, Raisanen JM, Burns DK, White CL, Hatanpaa KJ.","J Neuropathol Exp Neurol. 2017 Oct 1;76(10):874-882. doi: 10.1093/jnen/nlx072.","Richardson TE","J Neuropathol Exp Neurol","2017","2017/09/20","","","10.1093/jnen/nlx072"
"28754673","Androgen Receptor Variants Mediate DNA Repair after Prostate Cancer Irradiation","Yin Y, Li R, Xu K, Ding S, Li J, Baek G, Ramanand SG, Ding S, Liu Z, Gao Y, Kanchwala MS, Li X, Hutchinson R, Liu X, Woldu SL, Xing C, Desai NB, Feng FY, Burma S, de Bono JS, Dehm SM, Mani RS, Chen BPC, Raj GV.","Cancer Res. 2017 Sep 15;77(18):4745-4754. doi: 10.1158/0008-5472.CAN-17-0164. Epub 2017 Jul 28.","Yin Y","Cancer Res","2017","2017/07/30","PMC5600864","NIHMS897413","10.1158/0008-5472.CAN-17-0164"
"28886202","Fuchs' Endothelial Corneal Dystrophy and RNA Foci in Patients With Myotonic Dystrophy","Mootha VV, Hansen B, Rong Z, Mammen PP, Zhou Z, Xing C, Gong X.","Invest Ophthalmol Vis Sci. 2017 Sep 1;58(11):4579-4585. doi: 10.1167/iovs.17-22350.","Mootha VV","Invest Ophthalmol Vis Sci","2017","2017/09/09","PMC5590687","","10.1167/iovs.17-22350"
"28686329","Juvenile-onset generalized lipodystrophy due to a novel heterozygous missense LMNA mutation affecting lamin C","Patni N, Xing C, Agarwal AK, Garg A.","Am J Med Genet A. 2017 Sep;173(9):2517-2521. doi: 10.1002/ajmg.a.38341. Epub 2017 Jul 7.","Patni N","Am J Med Genet A","2017","2017/07/08","PMC5593256","NIHMS895266","10.1002/ajmg.a.38341"
"28653322","Differentiating the Cochran-Armitage Trend Test and Pearson's χ(2) Test: Location and Dispersion","Zhou Z, Ku HC, Huang Z, Xing G, Xing C.","Ann Hum Genet. 2017 Sep;81(5):184-189. doi: 10.1111/ahg.12202. Epub 2017 Jun 27.","Zhou Z","Ann Hum Genet","2017","2017/06/28","PMC5552445","NIHMS882833","10.1111/ahg.12202"
"28881577","A comprehensively characterized cell line panel highly representative of clinical ovarian high-grade serous carcinomas","Thu KL, Papari-Zareei M, Stastny V, Song K, Peyton M, Martinez VD, Zhang YA, Castro IB, Varella-Garcia M, Liang H, Xing C, Kittler R, Milchgrub S, Castrillon DH, Davidson HL, Reynolds CP, Lam WL, Lea J, Gazdar AF.","Oncotarget. 2016 Jun 10;8(31):50489-50499. doi: 10.18632/oncotarget.9929. eCollection 2017 Aug 1.","Thu KL","Oncotarget","2016","2017/09/09","PMC5584155","","10.18632/oncotarget.9929"
"28716915","Prostaglandin dehydrogenase is a target for successful induction of cervical ripening","Kishore AH, Liang H, Kanchwala M, Xing C, Ganesh T, Akgul Y, Posner B, Ready JM, Markowitz SD, Word RA.","Proc Natl Acad Sci U S A. 2017 Aug 1;114(31):E6427-E6436. doi: 10.1073/pnas.1704945114. Epub 2017 Jul 17.","Kishore AH","Proc Natl Acad Sci U S A","2017","2017/07/19","PMC5547630","","10.1073/pnas.1704945114"
"29264534","Identification of the Underlying Androgen Receptor Defect in the Dallas Reifenstein Family","Ahmad Z, Xing C, Panach K, Kittler R, McPhaul MJ, Wilson JD.","J Endocr Soc. 2017 May 19;1(7):836-842. doi: 10.1210/js.2017-00124. eCollection 2017 Jul 1.","Ahmad Z","J Endocr Soc","2017","2017/12/22","PMC5686667","","10.1210/js.2017-00124"
"28512145","The cytotoxic type 3 secretion system 1 of Vibrio rewires host gene expression to subvert cell death and activate cell survival pathways","De Nisco NJ, Kanchwala M, Li P, Fernandez J, Xing C, Orth K.","Sci Signal. 2017 May 16;10(479):eaal4501. doi: 10.1126/scisignal.aal4501.","De Nisco NJ","Sci Signal","2017","2017/05/18","PMC5662193","NIHMS912225","10.1126/scisignal.aal4501"
"27669367","Exome sequencing reveals novel homozygous FOXE3 mutation in microphthalmos with staphylomatous malformation","Saboo US, Penke D, Mahindrakar A, Uddaraju M, Sankurathri C, Gong X, Xing C, Mootha VV.","Ophthalmic Genet. 2017 May-Jun;38(3):295-297. doi: 10.1080/13816810.2016.1217549. Epub 2016 Sep 26.","Saboo US","Ophthalmic Genet","2017","2016/09/27","","","10.1080/13816810.2016.1217549"
"28273073","SRC-2-mediated coactivation of anti-tumorigenic target genes suppresses MYC-induced liver cancer","Suresh S, Durakoglugil D, Zhou X, Zhu B, Comerford SA, Xing C, Xie XJ, York B, O'Donnell KA.","PLoS Genet. 2017 Mar 8;13(3):e1006650. doi: 10.1371/journal.pgen.1006650. eCollection 2017 Mar.","Suresh S","PLoS Genet","2017","2017/03/09","PMC5362238","","10.1371/journal.pgen.1006650"
"27831500","LPA Gene, Ethnicity, and Cardiovascular Events","Lee SR, Prasad A, Choi YS, Xing C, Clopton P, Witztum JL, Tsimikas S.","Circulation. 2017 Jan 17;135(3):251-263. doi: 10.1161/CIRCULATIONAHA.116.024611. Epub 2016 Nov 9.","Lee SR","Circulation","2017","2016/11/11","PMC5241172","NIHMS833533","10.1161/CIRCULATIONAHA.116.024611"
"27798600","Hypoxia induces heart regeneration in adult mice","Nakada Y, Canseco DC, Thet S, Abdisalaam S, Asaithamby A, Santos CX, Shah AM, Zhang H, Faber JE, Kinter MT, Szweda LI, Xing C, Hu Z, Deberardinis RJ, Schiattarella G, Hill JA, Oz O, Lu Z, Zhang CC, Kimura W, Sadek HA.","Nature. 2017 Jan 12;541(7636):222-227. doi: 10.1038/nature20173. Epub 2016 Oct 31.","Nakada Y","Nature","2017","2016/11/08","","","10.1038/nature20173"
"27862896","Homozygous LIPE mutation in siblings with multiple symmetric lipomatosis, partial lipodystrophy, and myopathy","Zolotov S, Xing C, Mahamid R, Shalata A, Sheikh-Ahmad M, Garg A.","Am J Med Genet A. 2017 Jan;173(1):190-194. doi: 10.1002/ajmg.a.37880. Epub 2016 Nov 11.","Zolotov S","Am J Med Genet A","2017","2016/11/19","PMC5788284","NIHMS914758","10.1002/ajmg.a.37880"
"27403930","Type 1 Hyperlipoproteinemia Due to Compound Heterozygous Rare Variants in GCKR","Shetty S, Xing C, Garg A.","J Clin Endocrinol Metab. 2016 Nov;101(11):3884-3887. doi: 10.1210/jc.2016-2179. Epub 2016 Jul 12.","Shetty S","J Clin Endocrinol Metab","2016","2016/07/13","PMC5095252","","10.1210/jc.2016-2179"
"26677864","MicroRNA-21 Aggravates Cyst Growth in a Model of Polycystic Kidney Disease","Lakhia R, Hajarnis S, Williams D, Aboudehen K, Yheskel M, Xing C, Hatley ME, Torres VE, Wallace DP, Patel V.","J Am Soc Nephrol. 2016 Aug;27(8):2319-30. doi: 10.1681/ASN.2015060634. Epub 2015 Dec 17.","Lakhia R","J Am Soc Nephrol","2016","2015/12/19","PMC4978047","","10.1681/ASN.2015060634"
"27374329","Mitotic Checkpoint Regulators Control Insulin Signaling and Metabolic Homeostasis","Choi E, Zhang X, Xing C, Yu H.","Cell. 2016 Jul 28;166(3):567-581. doi: 10.1016/j.cell.2016.05.074. Epub 2016 Jun 30.","Choi E","Cell","2016","2016/07/05","PMC5560052","NIHMS891233","10.1016/j.cell.2016.05.074"
"27578137","Type 1 hyperlipoproteinemia in a child with large homozygous deletion encompassing GPIHBP1","Patni N, Brothers J, Xing C, Garg A.","J Clin Lipidol. 2016 Jul-Aug;10(4):1035-1039.e2. doi: 10.1016/j.jacl.2016.04.001. Epub 2016 Apr 11.","Patni N","J Clin Lipidol","2016","2016/09/01","","","10.1016/j.jacl.2016.04.001"
"27376152","Whole-exome sequencing identifies ADRA2A mutation in atypical familial partial lipodystrophy","Garg A, Sankella S, Xing C, Agarwal AK.","JCI Insight. 2016 Jun 16;1(9):e86870. doi: 10.1172/jci.insight.86870.","Garg A","JCI Insight","2016","2016/07/05","PMC4927009","NIHMS796444","10.1172/jci.insight.86870"
"27081041","ΔNp63α induces the expression of FAT2 and Slug to promote tumor invasion","Dang TT, Westcott JM, Maine EA, Kanchwala M, Xing C, Pearson GW.","Oncotarget. 2016 May 10;7(19):28592-611. doi: 10.18632/oncotarget.8696.","Dang TT","Oncotarget","2016","2016/04/16","PMC5053748","","10.18632/oncotarget.8696"
"27019227","DNA polymerase-α regulates the activation of type I interferons through cytosolic RNA:DNA synthesis","Starokadomskyy P, Gemelli T, Rios JJ, Xing C, Wang RC, Li H, Pokatayev V, Dozmorov I, Khan S, Miyata N, Fraile G, Raj P, Xu Z, Xu Z, Ma L, Lin Z, Wang H, Yang Y, Ben-Amitai D, Orenstein N, Mussaffi H, Baselga E, Tadini G, Grunebaum E, Sarajlija A, Krzewski K, Wakeland EK, Yan N, de la Morena MT, Zinn AR, Burstein E.","Nat Immunol. 2016 May;17(5):495-504. doi: 10.1038/ni.3409. Epub 2016 Mar 28.","Starokadomskyy P","Nat Immunol","2016","2016/03/29","PMC4836962","NIHMS755853","10.1038/ni.3409"
"26908837","Epigenetic inheritance of telomere length obscures identification of causative PARN locus","Xing C, Garcia CK.","J Med Genet. 2016 May;53(5):356-8. doi: 10.1136/jmedgenet-2015-103685. Epub 2016 Feb 23.","Xing C","J Med Genet","2016","2016/02/25","PMC4875813","NIHMS769314","10.1136/jmedgenet-2015-103685"
"27044474","Suppression of the SWI/SNF Component Arid1a Promotes Mammalian Regeneration","Sun X, Chuang JC, Kanchwala M, Wu L, Celen C, Li L, Liang H, Zhang S, Maples T, Nguyen LH, Wang SC, Signer RA, Sorouri M, Nassour I, Liu X, Xu J, Wu M, Zhao Y, Kuo YC, Wang Z, Xing C, Zhu H.","Cell Stem Cell. 2016 Apr 7;18(4):456-66. doi: 10.1016/j.stem.2016.03.001. Epub 2016 Mar 24.","Sun X","Cell Stem Cell","2016","2016/04/06","PMC4826298","NIHMS766466","10.1016/j.stem.2016.03.001"
"26605757","The rs2294918 E434K variant modulates patatin-like phospholipase domain-containing 3 expression and liver damage","Donati B, Motta BM, Pingitore P, Meroni M, Pietrelli A, Alisi A, Petta S, Xing C, Dongiovanni P, del Menico B, Rametta R, Mancina RM, Badiali S, Fracanzani AL, Craxì A, Fargion S, Nobili V, Romeo S, Valenti L.","Hepatology. 2016 Mar;63(3):787-98. doi: 10.1002/hep.28370. Epub 2016 Jan 14.","Donati B","Hepatology","2016","2015/11/26","","","10.1002/hep.28370"
"26527160","Adult-onset liver disease and hepatocellular carcinoma in S-adenosylhomocysteine hydrolase deficiency","Stender S, Chakrabarti RS, Xing C, Gotway G, Cohen JC, Hobbs HH.","Mol Genet Metab. 2015 Dec;116(4):269-74. doi: 10.1016/j.ymgme.2015.10.009. Epub 2015 Oct 26.","Stender S","Mol Genet Metab","2015","2015/11/04","PMC4733618","NIHMS753323","10.1016/j.ymgme.2015.10.009"
"26401622","Correlation of Severity of Fuchs Endothelial Corneal Dystrophy With Triplet Repeat Expansion in TCF4","Soliman AZ, Xing C, Radwan SH, Gong X, Mootha VV.","JAMA Ophthalmol. 2015 Dec;133(12):1386-91. doi: 10.1001/jamaophthalmol.2015.3430.","Soliman AZ","JAMA Ophthalmol","2015","2015/09/25","","","10.1001/jamaophthalmol.2015.3430"
"26098368","Hypoxia fate mapping identifies cycling cardiomyocytes in the adult heart","Kimura W, Xiao F, Canseco DC, Muralidhar S, Thet S, Zhang HM, Abderrahman Y, Chen R, Garcia JA, Shelton JM, Richardson JA, Ashour AM, Asaithamby A, Liang H, Xing C, Lu Z, Zhang CC, Sadek HA.","Nature. 2015 Jul 9;523(7559):226-30. doi: 10.1038/nature14582. Epub 2015 Jun 22.","Kimura W","Nature","2015","2015/06/23","","","10.1038/nature14582"
"25655271","Intersection of DNA privacy and whole-genome sequencing","Hong C, Wang J, Xing C, Hwang TH, Park JY.","Clin Chem. 2015 Jul;61(7):900-2. doi: 10.1373/clinchem.2014.235499. Epub 2015 Feb 5.","Hong C","Clin Chem","2015","2015/02/07","","","10.1373/clinchem.2014.235499"
"25848748","Exome sequencing links mutations in PARN and RTEL1 with familial pulmonary fibrosis and telomere shortening","Stuart BD, Choi J, Zaidi S, Xing C, Holohan B, Chen R, Choi M, Dharwadkar P, Torres F, Girod CE, Weissler J, Fitzgerald J, Kershaw C, Klesney-Tait J, Mageto Y, Shay JW, Ji W, Bilguvar K, Mane S, Lifton RP, Garcia CK.","Nat Genet. 2015 May;47(5):512-7. doi: 10.1038/ng.3278. Epub 2015 Apr 13.","Stuart BD","Nat Genet","2015","2015/04/08","PMC4414891","NIHMS673360","10.1038/ng.3278"
"25722209","TCF4 Triplet Repeat Expansion and Nuclear RNA Foci in Fuchs' Endothelial Corneal Dystrophy","Mootha VV, Hussain I, Cunnusamy K, Graham E, Gong X, Neelam S, Xing C, Kittler R, Petroll WM.","Invest Ophthalmol Vis Sci. 2015 Feb 26;56(3):2003-11. doi: 10.1167/iovs.14-16222.","Mootha VV","Invest Ophthalmol Vis Sci","2015","2015/02/28","PMC4373545","","10.1167/iovs.14-16222"
"25251399","Transmembrane 6 superfamily member 2 gene variant disentangles nonalcoholic steatohepatitis from cardiovascular disease","Dongiovanni P, Petta S, Maglio C, Fracanzani AL, Pipitone R, Mozzi E, Motta BM, Kaminska D, Rametta R, Grimaudo S, Pelusi S, Montalcini T, Alisi A, Maggioni M, Kärjä V, Borén J, Käkelä P, Di Marco V, Xing C, Nobili V, Dallapiccola B, Craxi A, Pihlajamäki J, Fargion S, Sjöström L, Carlsson LM, Romeo S, Valenti L.","Hepatology. 2015 Feb;61(2):506-14. doi: 10.1002/hep.27490.","Dongiovanni P","Hepatology","2015","2014/09/25","","","10.1002/hep.27490"
"25298419","Transethnic replication of association of CTG18.1 repeat expansion of TCF4 gene with Fuchs' corneal dystrophy in Chinese implies common causal variant","Xing C, Gong X, Hussain I, Khor CC, Tan DT, Aung T, Mehta JS, Vithana EN, Mootha VV.","Invest Ophthalmol Vis Sci. 2014 Oct 8;55(11):7073-8. doi: 10.1167/iovs.14-15390.","Xing C","Invest Ophthalmol Vis Sci","2014","2014/10/10","PMC4224583","","10.1167/iovs.14-15390"
"25121966","Genome-wide association analysis of radiation resistance in Drosophila melanogaster","Vaisnav M, Xing C, Ku HC, Hwang D, Stojadinovic S, Pertsemlidis A, Abrams JM.","PLoS One. 2014 Aug 14;9(8):e104858. doi: 10.1371/journal.pone.0104858. eCollection 2014.","Vaisnav M","PLoS One","2014","2014/08/15","PMC4133248","","10.1371/journal.pone.0104858"
"24665001","De novo heterozygous FBN1 mutations in the extreme C-terminal region cause progeroid fibrillinopathy","Garg A, Xing C.","Am J Med Genet A. 2014 May;164A(5):1341-5. doi: 10.1002/ajmg.a.36449. Epub 2014 Mar 24.","Garg A","Am J Med Genet A","2014","2014/03/26","PMC7597435","NIHMS1639490","10.1002/ajmg.a.36449"
"24736066","Hereditary lung cancer syndrome targets never smokers with germline EGFR gene T790M mutations","Gazdar A, Robinson L, Oliver D, Xing C, Travis WD, Soh J, Toyooka S, Watumull L, Xie Y, Kernstine K, Schiller JH.","J Thorac Oncol. 2014 Apr;9(4):456-63. doi: 10.1097/JTO.0000000000000130.","Gazdar A","J Thorac Oncol","2014","2014/04/17","PMC4509739","NIHMS555430","10.1097/JTO.0000000000000130"
"24496013","Enhancing the power to detect low-frequency variants in genome-wide screens","Lin CY, Xing G, Ku HC, Elston RC, Xing C.","Genetics. 2014 Apr;196(4):1293-302. doi: 10.1534/genetics.113.160739. Epub 2014 Feb 4.","Lin CY","Genetics","2014","2014/02/06","PMC3982702","","10.1534/genetics.113.160739"
"24715754","A novel de novo KIF21A mutation in a patient with congenital fibrosis of the extraocular muscles and Möbius syndrome","Ali Z, Xing C, Anwar D, Itani K, Weakley D, Gong X, Pascual JM, Mootha VV.","Mol Vis. 2014 Mar 28;20:368-75. eCollection 2014.","Ali Z","Mol Vis","2014","2014/04/10","PMC3976685","",""
"24365661","Gender and telomere length: systematic review and meta-analysis","Gardner M, Bann D, Wiley L, Cooper R, Hardy R, Nitsch D, Martin-Ruiz C, Shiels P, Sayer AA, Barbieri M, Bekaert S, Bischoff C, Brooks-Wilson A, Chen W, Cooper C, Christensen K, De Meyer T, Deary I, Der G, Diez Roux A, Fitzpatrick A, Hajat A, Halaschek-Wiener J, Harris S, Hunt SC, Jagger C, Jeon HS, Kaplan R, Kimura M, Lansdorp P, Li C, Maeda T, Mangino M, Nawrot TS, Nilsson P, Nordfjall K, Paolisso G, Ren F, Riabowol K, Robertson T, Roos G, Staessen JA, Spector T, Tang N, Unryn B, van der Harst P, Woo J, Xing C, Yadegarfar ME, Park JY, Young N, Kuh D, von Zglinicki T, Ben-Shlomo Y; Halcyon study team.","Exp Gerontol. 2014 Mar;51:15-27. doi: 10.1016/j.exger.2013.12.004. Epub 2013 Dec 21.","Gardner M","Exp Gerontol","2014","2013/12/25","PMC4523138","NIHMS710315","10.1016/j.exger.2013.12.004"
"24255041","Association and familial segregation of CTG18.1 trinucleotide repeat expansion of TCF4 gene in Fuchs' endothelial corneal dystrophy","Mootha VV, Gong X, Ku HC, Xing C.","Invest Ophthalmol Vis Sci. 2014 Jan 2;55(1):33-42. doi: 10.1167/iovs.13-12611.","Mootha VV","Invest Ophthalmol Vis Sci","2014","2013/11/21","PMC3880006","","10.1167/iovs.13-12611"
"24216484","Eating disorder predisposition is associated with ESRRA and HDAC4 mutations","Cui H, Moore J, Ashimi SS, Mason BL, Drawbridge JN, Han S, Hing B, Matthews A, McAdams CJ, Darbro BW, Pieper AA, Waller DA, Xing C, Lutter M.","J Clin Invest. 2013 Nov;123(11):4706-13. doi: 10.1172/JCI71400.","Cui H","J Clin Invest","2013","2013/11/13","PMC3809805","","10.1172/JCI71400"
"23709298","A novel germline mutation in BAP1 predisposes to familial clear-cell renal cell carcinoma","Farley MN, Schmidt LS, Mester JL, Pena-Llopis S, Pavia-Jimenez A, Christie A, Vocke CD, Ricketts CJ, Peterson J, Middelton L, Kinch L, Grishin N, Merino MJ, Metwalli AR, Xing C, Xie XJ, Dahia PLM, Eng C, Linehan WM, Brugarolas J.","Mol Cancer Res. 2013 Sep;11(9):1061-1071. doi: 10.1158/1541-7786.MCR-13-0111. Epub 2013 May 24.","Farley MN","Mol Cancer Res","2013","2013/05/28","PMC4211292","NIHMS484238","10.1158/1541-7786.MCR-13-0111"
"23488943","A comparison of the likelihood ratio test and the variance-stabilising transformation-based tests for detecting association of rare variants","Xing G, Ku HC, Xing C.","Ann Hum Genet. 2013 Jul;77(4):333-5. doi: 10.1111/ahg.12022. Epub 2013 Mar 14.","Xing G","Ann Hum Genet","2013","2013/03/16","","","10.1111/ahg.12022"
"22948187","Measuring linkage disequilibrium by the partial correlation coefficient","Lin CY, Xing G, Xing C.","Heredity (Edinb). 2012 Dec;109(6):401-2. doi: 10.1038/hdy.2012.54. Epub 2012 Sep 5.","Lin CY","Heredity (Edinb)","2012","2012/09/06","PMC3499835","","10.1038/hdy.2012.54"
"23176674","Genetic variant I148M in PNPLA3 is associated with the ultrasonography-determined steatosis degree in a Chinese population","Li Y, Xing C, Tian Z, Ku HC.","BMC Med Genet. 2012 Nov 23;13:113. doi: 10.1186/1471-2350-13-113.","Li Y","BMC Med Genet","2012","2012/11/27","PMC3523076","","10.1186/1471-2350-13-113"
"22095780","Homozygosity mapping identifies a bile acid biosynthetic defect in an adult with cirrhosis of unknown etiology","Molho-Pessach V, Rios JJ, Xing C, Setchell KD, Cohen JC, Hobbs HH.","Hepatology. 2012 Apr;55(4):1139-45. doi: 10.1002/hep.24781. Epub 2012 Feb 8.","Molho-Pessach V","Hepatology","2012","2011/11/19","PMC3771532","NIHMS337942","10.1002/hep.24781"
"22256951","Blindly using Wald's test can miss rare disease-causal variants in case-control association studies","Xing G, Lin CY, Wooding SP, Xing C.","Ann Hum Genet. 2012 Mar;76(2):168-77. doi: 10.1111/j.1469-1809.2011.00700.x. Epub 2012 Jan 18.","Xing G","Ann Hum Genet","2012","2012/01/20","","","10.1111/j.1469-1809.2011.00700.x"
"21898508","Genetic variant in PNPLA3 is associated with nonalcoholic fatty liver disease in China","Li Y, Xing C, Cohen JC, Hobbs HH.","Hepatology. 2012 Jan;55(1):327-8. doi: 10.1002/hep.24659.","Li Y","Hepatology","2012","2011/09/08","PMC3245325","NIHMS322466","10.1002/hep.24659"
"22180825","Minimum Information about a Genotyping Experiment (MIGEN)","Huang J, Mirel D, Pugh E, Xing C, Robinson PN, Pertsemlidis A, Ding L, Kozlitina J, Maher J, Rios J, Story M, Marthandan N, Scheuermann RH.","Stand Genomic Sci. 2011 Nov 30;5(2):224-9. doi: 10.4056/sigs.1994602. Epub 2011 Nov 22.","Huang J","Stand Genomic Sci","2011","2011/12/20","PMC3235517","","10.4056/sigs.1994602"
"21672920","Genomic, genetic and functional dissection of bitter taste responses to artificial sweeteners","Roudnitzky N, Bufe B, Thalmann S, Kuhn C, Gunn HC, Xing C, Crider BP, Behrens M, Meyerhof W, Wooding SP.","Hum Mol Genet. 2011 Sep 1;20(17):3437-49. doi: 10.1093/hmg/ddr252. Epub 2011 Jun 13.","Roudnitzky N","Hum Mol Genet","2011","2011/06/16","","","10.1093/hmg/ddr252"
"21349926","Subclinical lung disease, macrocytosis, and premature graying in kindreds with telomerase (TERT) mutations","Diaz de Leon A, Cronkhite JT, Yilmaz C, Brewington C, Wang R, Xing C, Hsia CCW, Garcia CK.","Chest. 2011 Sep;140(3):753-763. doi: 10.1378/chest.10-2865. Epub 2011 Feb 24.","Diaz de Leon A","Chest","2011","2011/02/26","PMC3168855","","10.1378/chest.10-2865"
"21283670","Single-nucleotide polymorphisms in LPA explain most of the ancestry-specific variation in Lp(a) levels in African Americans","Deo RC, Wilson JG, Xing C, Lawson K, Kao WH, Reich D, Tandon A, Akylbekova E, Patterson N, Mosley TH Jr, Boerwinkle E, Taylor HA Jr.","PLoS One. 2011 Jan 24;6(1):e14581. doi: 10.1371/journal.pone.0014581.","Deo RC","PLoS One","2011","2011/02/02","PMC3025914","","10.1371/journal.pone.0014581"
"22086357","A comparison of approaches to control for confounding factors by regression models","Xing G, Lin CY, Xing C.","Hum Hered. 2011;72(3):194-205. doi: 10.1159/000332743. Epub 2011 Nov 11.","Xing G","Hum Hered","2011","2011/11/17","","","10.1159/000332743"
"21129723","PSMB8 encoding the β5i proteasome subunit is mutated in joint contractures, muscle atrophy, microcytic anemia, and panniculitis-induced lipodystrophy syndrome","Agarwal AK, Xing C, DeMartino GN, Mizrachi D, Hernandez MD, Sousa AB, Martínez de Villarreal L, dos Santos HG, Garg A.","Am J Hum Genet. 2010 Dec 10;87(6):866-72. doi: 10.1016/j.ajhg.2010.10.031.","Agarwal AK","Am J Hum Genet","2010","2010/12/07","PMC2997366","","10.1016/j.ajhg.2010.10.031"
"21104892","Distribution of model-based multipoint heterogeneity lod scores","Xing C, Morris N, Xing G.","Genet Epidemiol. 2010 Dec;34(8):912-6. doi: 10.1002/gepi.20535.","Xing C","Genet Epidemiol","2010","2010/11/25","PMC3087204","NIHMS288418","10.1002/gepi.20535"
"20878718","Adjusting for covariates in logistic regression models","Xing G, Xing C.","Genet Epidemiol. 2010 Nov;34(7):769-71; author reply 772. doi: 10.1002/gepi.20526.","Xing G","Genet Epidemiol","2010","2010/09/30","PMC3095974","NIHMS288432","10.1002/gepi.20526"
"20551074","Genetics and bitter taste responses to goitrin, a plant toxin found in vegetables","Wooding S, Gunn H, Ramos P, Thalmann S, Xing C, Meyerhof W.","Chem Senses. 2010 Oct;35(8):685-92. doi: 10.1093/chemse/bjq061. Epub 2010 Jun 14.","Wooding S","Chem Senses","2010","2010/06/17","","","10.1093/chemse/bjq061"
"20645958","Power of genetic association studies with fixed and random genotype frequencies","Kozlitina J, Xing C, Pertsemlidis A, Schucany WR.","Ann Hum Genet. 2010 Sep 1;74(5):429-38. doi: 10.1111/j.1469-1809.2010.00598.x. Epub 2010 Jul 21.","Kozlitina J","Ann Hum Genet","2010","2010/07/22","","","10.1111/j.1469-1809.2010.00598.x"
"20502709","Telomere lengths, pulmonary fibrosis and telomerase (TERT) mutations","Diaz de Leon A, Cronkhite JT, Katzenstein AL, Godwin JD, Raghu G, Glazer CS, Rosenblatt RL, Girod CE, Garrity ER, Xing C, Garcia CK.","PLoS One. 2010 May 19;5(5):e10680. doi: 10.1371/journal.pone.0010680.","Diaz de Leon A","PLoS One","2010","2010/05/27","PMC2873288","","10.1371/journal.pone.0010680"
"20152958","A weighted false discovery rate control procedure reveals alleles at FOXA2 that influence fasting glucose levels","Xing C, Cohen JC, Boerwinkle E.","Am J Hum Genet. 2010 Mar 12;86(3):440-6. doi: 10.1016/j.ajhg.2010.01.025. Epub 2010 Feb 11.","Xing C","Am J Hum Genet","2010","2010/02/16","PMC2833364","","10.1016/j.ajhg.2010.01.025"
"20018013","Power of selective genotyping in genome-wide association studies of quantitative traits","Xing C, Xing G.","BMC Proc. 2009 Dec 15;3 Suppl 7(Suppl 7):S23. doi: 10.1186/1753-6561-3-s7-s23.","Xing C","BMC Proc","2009","2009/12/19","PMC2795920","","10.1186/1753-6561-3-s7-s23"
"19461885","Admixture mapping of 15,280 African Americans identifies obesity susceptibility loci on chromosomes 5 and X","Cheng CY, Kao WH, Patterson N, Tandon A, Haiman CA, Harris TB, Xing C, John EM, Ambrosone CB, Brancati FL, Coresh J, Press MF, Parekh RS, Klag MJ, Meoni LA, Hsueh WC, Fejerman L, Pawlikowska L, Freedman ML, Jandorf LH, Bandera EV, Ciupak GL, Nalls MA, Akylbekova EL, Orwoll ES, Leak TS, Miljkovic I, Li R, Ursin G, Bernstein L, Ardlie K, Taylor HA, Boerwinckle E, Zmuda JM, Henderson BE, Wilson JG, Reich D.","PLoS Genet. 2009 May;5(5):e1000490. doi: 10.1371/journal.pgen.1000490. Epub 2009 May 22.","Cheng CY","PLoS Genet","2009","2009/05/23","PMC2679192","","10.1371/journal.pgen.1000490"
"19180230","Multiple independent genetic factors at NOS1AP modulate the QT interval in a multi-ethnic population","Arking DE, Khera A, Xing C, Kao WH, Post W, Boerwinkle E, Chakravarti A.","PLoS One. 2009;4(1):e4333. doi: 10.1371/journal.pone.0004333. Epub 2009 Jan 30.","Arking DE","PLoS One","2009","2009/01/31","PMC2628730","","10.1371/journal.pone.0004333"
"19100526","Genetic defects in surfactant protein A2 are associated with pulmonary fibrosis and lung cancer","Wang Y, Kuan PJ, Xing C, Cronkhite JT, Torres F, Rosenblatt RL, DiMaio JM, Kinch LN, Grishin NV, Garcia CK.","Am J Hum Genet. 2009 Jan;84(1):52-9. doi: 10.1016/j.ajhg.2008.11.010. Epub 2008 Dec 18.","Wang Y","Am J Hum Genet","2009","2008/12/23","PMC2668050","","10.1016/j.ajhg.2008.11.010"
"18820647","Genetic variation in PNPLA3 confers susceptibility to nonalcoholic fatty liver disease","Romeo S, Kozlitina J, Xing C, Pertsemlidis A, Cox D, Pennacchio LA, Boerwinkle E, Cohen JC, Hobbs HH.","Nat Genet. 2008 Dec;40(12):1461-5. doi: 10.1038/ng.257. Epub 2008 Sep 25.","Romeo S","Nat Genet","2008","2008/09/30","PMC2597056","NIHMS70399","10.1038/ng.257"
"18635888","Telomere shortening in familial and sporadic pulmonary fibrosis","Cronkhite JT, Xing C, Raghu G, Chin KM, Torres F, Rosenblatt RL, Garcia CK.","Am J Respir Crit Care Med. 2008 Oct 1;178(7):729-37. doi: 10.1164/rccm.200804-550OC. Epub 2008 Jul 17.","Cronkhite JT","Am J Respir Crit Care Med","2008","2008/07/19","PMC2556455","","10.1164/rccm.200804-550OC"
"18404279","Refined mapping of X-linked reticulate pigmentary disorder and sequencing of candidate genes","Jaeckle Santos LJ, Xing C, Barnes RB, Ades LC, Megarbane A, Vidal C, Xuereb A, Tarpey PS, Smith R, Khazab M, Shoubridge C, Partington M, Futreal A, Stratton MR, Gecz J, Zinn AR.","Hum Genet. 2008 Jun;123(5):469-76. doi: 10.1007/s00439-008-0498-4. Epub 2008 Apr 11.","Jaeckle Santos LJ","Hum Genet","2008","2008/04/12","PMC2714970","UKMS27308","10.1007/s00439-008-0498-4"
"18340363","Complement factor H polymorphisms, renal phenotypes and age-related macular degeneration: the Blue Mountains Eye Study","Xing C, Sivakumaran TA, Wang JJ, Rochtchina E, Joshi T, Smith W, Mitchell P, Iyengar SK.","Genes Immun. 2008 Apr;9(3):231-9. doi: 10.1038/gene.2008.10. Epub 2008 Mar 13.","Xing C","Genes Immun","2008","2008/03/15","","","10.1038/gene.2008.10"
"17460043","Adult-onset pulmonary fibrosis caused by mutations in telomerase","Tsakiri KD, Cronkhite JT, Kuan PJ, Xing C, Raghu G, Weissler JC, Rosenblatt RL, Shay JW, Garcia CK.","Proc Natl Acad Sci U S A. 2007 May 1;104(18):7552-7. doi: 10.1073/pnas.0701009104. Epub 2007 Apr 25.","Tsakiri KD","Proc Natl Acad Sci U S A","2007","2007/04/27","PMC1855917","","10.1073/pnas.0701009104"
"18466599","Linkage studies of catechol-O-methyltransferase (COMT) and dopamine-beta-hydroxylase (DBH) cDNA expression levels","Xing C, Torres-Caban M, Wang T, Lu Q, Xing G, Elston RC.","BMC Proc. 2007;1 Suppl 1(Suppl 1):S95. doi: 10.1186/1753-6561-1-s1-s95. Epub 2007 Dec 18.","Xing C","BMC Proc","2007","2008/05/10","PMC2367604","","10.1186/1753-6561-1-s1-s95"
"18466543","A logistic mixture model for a family-based association study","Xing G, Xing C, Lu Q, Elston RC.","BMC Proc. 2007;1 Suppl 1(Suppl 1):S44. doi: 10.1186/1753-6561-1-s1-s44. Epub 2007 Dec 18.","Xing G","BMC Proc","2007","2008/05/10","PMC2359869","","10.1186/1753-6561-1-s1-s44"
"18046772","Summary of Genetic Analysis Workshop 15: Group 9 linkage analysis of the CEPH expression data","Wijsman EM, Sung YJ, Buil A, Atkinson E, Bastone L, Christensen GB, Diao G, Feng T, Franceschini N, Huang S, Kan D, Kerner B, Lantieri F, Lee E, Papachristou C, Paterson A, Rangrej J, Wang S, Xing C, Zhu X.","Genet Epidemiol. 2007;31 Suppl 1:S75-85. doi: 10.1002/gepi.20283.","Wijsman EM","Genet Epidemiol","2007","2007/11/30","","","10.1002/gepi.20283"
"18046758","Using linkage and association to identify and model genetic effects: summary of GAW15 Group 4","Yang Q, Biernacka JM, Chen MH, Houwing-Duistermaat JJ, Bergemann TL, Basu S, Fan R, Liu L, Bourgey M, Clerget-Darpoux F, Lin WY, Elston RC, Cupples LA, Apprey V, Cui J, Dupuis J, Ionita-Laza I, Li R, Lou X, Perdry H, Sherva R, Shugart YY, Suarez B, Wang H, Wormald H, Xing G, Xing C.","Genet Epidemiol. 2007;31 Suppl 1:S34-42. doi: 10.1002/gepi.20278.","Yang Q","Genet Epidemiol","2007","2007/11/30","","","10.1002/gepi.20278"
"16983533","Localization and replication of the systemic lupus erythematosus linkage signal at 4p16: interaction with 2p11, 12q24 and 19q13 in European Americans","Xing C, Sestak AL, Kelly JA, Nguyen KL, Bruner GR, Harley JB, Gray-McGuire C.","Hum Genet. 2007 Jan;120(5):623-31. doi: 10.1007/s00439-006-0248-4. Epub 2006 Sep 16.","Xing C","Hum Genet","2007","2006/09/20","","","10.1007/s00439-006-0248-4"
"16826532","The affected-/discordant-sib-pair design can guarantee validity of multipoint model-free linkage analysis of incomplete pedigrees when there is marker-marker disequilibrium","Xing C, Sinha R, Xing G, Lu Q, Elston RC.","Am J Hum Genet. 2006 Aug;79(2):396-401. doi: 10.1086/506331. Epub 2006 Jun 26.","Xing C","Am J Hum Genet","2006","2006/07/11","PMC1559490","","10.1086/506331"
"16685712","Distribution and magnitude of type I error of model-based multipoint lod scores: implications for multipoint mod scores","Xing C, Elston RC.","Genet Epidemiol. 2006 Jul;30(5):447-58. doi: 10.1002/gepi.20157.","Xing C","Genet Epidemiol","2006","2006/05/11","","","10.1002/gepi.20157"
"16505201","Genome-wide linkage study of retinal vessel diameters in the Beaver Dam Eye Study","Xing C, Klein BE, Klein R, Jun G, Lee KE, Iyengar SK.","Hypertension. 2006 Apr;47(4):797-802. doi: 10.1161/01.HYP.0000208330.68355.72. Epub 2006 Feb 27.","Xing C","Hypertension","2006","2006/03/01","","","10.1161/01.HYP.0000208330.68355.72"
"16451646","Linkage analysis of alcohol dependence using both affected and discordant sib pairs","Shih PY, Wang T, Xing C, Sinha M, Song Y, Elston RC.","BMC Genet. 2005 Dec 30;6 Suppl 1(Suppl 1):S36. doi: 10.1186/1471-2156-6-S1-S36.","Shih PY","BMC Genet","2005","2006/02/03","PMC1866749","","10.1186/1471-2156-6-S1-S36"
"16451638","Comparison of microsatellites, single-nucleotide polymorphisms (SNPs) and composite markers derived from SNPs in linkage analysis","Xing C, Schumacher FR, Xing G, Lu Q, Wang T, Elston RC.","BMC Genet. 2005 Dec 30;6 Suppl 1(Suppl 1):S29. doi: 10.1186/1471-2156-6-S1-S29.","Xing C","BMC Genet","2005","2006/02/03","PMC1866757","","10.1186/1471-2156-6-S1-S29"
"16189706","Genetic linkage of systemic lupus erythematosus to 13q32 in African American families with affected male members","Xing C, Gray-McGuire C, Kelly JA, Garriott P, Bukulmez H, Harley JB, Olson JM.","Hum Genet. 2005 Dec;118(3-4):309-21. doi: 10.1007/s00439-005-0061-5. Epub 2005 Sep 28.","Xing C","Hum Genet","2005","2005/09/29","","","10.1007/s00439-005-0061-5"
"14975112","Comparison of missing data approaches in linkage analysis","Xing C, Schumacher FR, Conti DV, Witte JS.","BMC Genet. 2003 Dec 31;4 Suppl 1(Suppl 1):S44. doi: 10.1186/1471-2156-4-S1-S44.","Xing C","BMC Genet","2003","2004/02/21","PMC1866480","","10.1186/1471-2156-4-S1-S44"
